,text,topic
1,Die Schuhe haben √ºberhaupt nicht gepasst.,Passform
2,Sie waren viel zu klein. Ich musste sie in 2 Nummern gr√∂√üer nochmal bestellen,Passform
3,Die Gr√∂√üentabelle war totaler M√ºll. Trotz abgleich mit den Angaben des Verk√§ufers passen mir die Schuhe nicht,Passform
4,"Habe sonst immer eine 42, musste hier aber eine Nummer gr√∂√üer nehmen",Passform
5,Statt Schugr√∂sse 43 mal wegen den Rezessionen 44 bestellt und sie passen gerade so. Auf jeden fall nix f√ºr dicke f√ºsse.,Passform
6,Die Schuhe sind zu klein,Passform
7,Passt √ºberhaupt nicht! ,Passform
8,"viel zu schmal! Die L√§nge ist ok, aber zu schmal geschnitten. Der Schuh dr√ºckt an der Seite - nicht tragbar",Passform
9,Zu Schmal,Passform
10,"Die Schn√ºren ist zu tief. Die Gr√∂√üe ist ok, aber man kann die Schuhe nicht weit genug zuschn√ºren. Schl√ºpfe jedes Mal fast raus wenn ich einen Schritt mache.",Passform
11,Die Schuhe fallen sehr gro√ü aus. Habe die Schuhe nochmal zur√ºck geschickt und 2 Nummern kleiner bestellt,Passform
12,Die Schuhe dr√ºcken und sind zu klein,Passform
13,Viel zu klein!,Passform
14,"F√ºr was f√ºr F√º√üe sind die Schuhe denn gemacht? Passen √ºberhaupt nicht. Ich habe sie schon gr√∂√üer bestellt als ich normal trage, aber sie sind dennoch zu klein.",Passform
15,Die Schuhe sind sehr schlecht geschnitten.,Passform
16,"Zu gro√ü, deshalb zurckgeschickt.",Passform
17,"Obwohl ich schon eine Schuhgr√∂√üe gr√∂√üer bestellt habe sind sie viel zu eng. Selbst mit ganz ge√∂ffneter Schn√ºrung ist der Schuh so eng, dass man nicht hineinschl√ºpfen konnte.",Passform
18,Ich hatte den gleichen Schuh bereits in 39 in einer anderen Farbe der gut gepasst hat. Diesmal ist die 39 zu klein.,Passform
19,Die Gr√∂√üe war nicht in Ordnung,Passform
20,Die Gr√∂√üe passt nicht wie erwartet....Der Sneaker dr√ºckt beim laufen,Passform
21,"Achtung bei der Gr√∂√üe! Habe von der Marke schon einige Schuhe bestellten wei√ü daher, dass sie recht klein ausfallen. Dieses Modell allerdings ist noch kleiner als normal",Passform
22,Leider hat der Schuh eine sehr gro√üe Form. Passt nicht,Passform
23,Die Gr√∂√üe wird auf der Seite falsch angegeben.,Passform
24,"Sehr klein. Sieht zwar gut aus, aber man bricht sich f√∂rmlich die F√º√üe beim Gehen",Passform
25,Schuh passt nicht. Es dr√ºckt vorn bei den Zehen und das an und ausziehen bereitet gro√üe Probleme,Passform
26,Es wurde ein Schuh in 42 und einer in 45 geliefert.,Lieferung
27,Ich habe die Lieferung immer noch nicht bekommen,Lieferung
28,Seit 3 Wochen warte ich vergebens auf das Paket. Habe den Hersteller schon angeschrieben aber keine Reaktion,Lieferung
29,Die Schuhe sollten l√§ngst hier sein. Ich habe keine Sendungsnummer und auch Amazon kann mir nicht weiterhelfen,Lieferung
30,Das Geld ist weg und das Paket nicht da. Nie wieder!,Lieferung
31,Die Lieferung hat sehr lange gedauert,Lieferung
32,Das Paket war von au√üen besch√§digt und auch die Schuhe haben etwas abbekommen. Schicke sie direkt wieder zur√ºck,Lieferung
33,Die Lieferung ist noch nicht erfolgt. Warte nun seit 2 Wochen,Lieferung
34,Lieder sind sie nie angekommen.,Lieferung
35,"Lieferung dauert viel zu lang. Hat beim letzten Mal schon Probleme gegeben und jetzt schon wieder. Das war das letzte mal, dass ich bei dem Anbieter bestellt habe.",Lieferung
36,Kann leider nix dazu sagen da ich die Stiefel nie bekommen habe.,Lieferung
37,Das Produkt ist leider nie angekommen. Vom Verk√§ufer auch keine Reaktion‚Ä¶,Lieferung
38,Habe mir die Schuhe vor 4 Wochen bestellt und sind nie angekommen,Lieferung
39,"Leider habe ich die bestellte Ware nicht erhalten. Von der DHL hie√ü es, dass es nicht zustellbar gewesen w√§re und ist daher zur√ºckgeschickt worden.",Lieferung
40,Die Lieferung hat ewig gedauert und dann war das Paket auch noch ramponiert.,Lieferung
41,"Auf Anfrage behauptet der Verk√§ufer, dass das Paket zugestellt worden sei, doch ich habe nie etwas erhalten",Lieferung
42,"Kein Paket, keine R√ºckmeldung vom Verk√§ufer und kein Geld. 10/10",Lieferung
43,Ich habe das Paket nicht erhalten,Lieferung
44,"Ich habe jetzt den Verk√§ufer kontaktiert, da das Pakt nie ankam",Lieferung
45,Kann ich nichts zu sagen da sie nie angekommen sind. Aber wie immer alles sehr kulant und schnell abgewickelt,Lieferung
46,"Obwohl ich bereits eine Schuhgr√∂√üe gr√∂√üer bestellt habe und die Schn√ºrung ganz ge√∂ffnet habe, ist der √úbergang vom Schaft zum Schuh so eng, dass man nicht hineinschl√ºpfen konnte.",Passform
47,Kann leider nix dazu sagen da ich die Kopfh√∂rer nicht an die F√º√üe meiner Tochter bekomm die ich statt der Stiefel bekommen habe . Schade,Lieferung
48,"Die Tasche ansich ist recht sch√∂n, nur leider hat sich nach 3 bis 4 Monaten schon der Gurt gel√∂st. Die Beschichtung hat sich gel√∂st und der Gurt ist, logischerweise ohne Fremdeinwirkung, kaputt.",Qualit√§t
49,"Keine Neuware! Ein Schuh wurde anprobiert/getragen. Dies ist klar an Schn√ºrsenkeln, Zunge usw. erkennbar. Die Schuhe wurden in der ""Frustfreien Verpackung"" von Amazon versendet. Also ohne Orginalverpackung. Die Idee der ""Frustfreien Verpackung"" ist eine gute Idee um Verpackungsmaterial einzusparen. ABER: hier wurde aber benutze !!! Ware als Neuware verpackt/verkauft. Sehr, sehr dreist.",Qualit√§t
50,"Der Gummistiefel ist zwar wirklich sehr leicht, aber eher ein Plastik Schuh. Ich dachte f√ºr den Herbst ohne den Innenstoff zum anziehen, aber mein Sohn hatte komplett nasse Schwei√üf√º√üe bekommen. Mit dem Innenstoff sind die Stiefel nur f√ºr schmale F√º√üe geeignet. Das war leider ein Fehlkauf f√ºr uns...",Qualit√§t
51,Wir sind beim Auspacken erschrocken. Sie stanken und wirkten wie aus Gummi. Gingen sofort zur√ºck. Dabei gab es kein Problem.,Qualit√§t
52,"Leider wurde der Schuh, nachdem ich ihn ein paar Mal getragen habe, undicht. Seitdem habe ich jedes Mal, wenn es regnet, nasse F√º√üe. Bl√∂d, weil die Schuhe f√ºr die kalten Jahreszeiten gekauft wurden, in denen es halt auch mal regnet. Geld, das ich besser in einen anderen Schuh investiert h√§tte. Schade!",Qualit√§t
53,Der Schuh ist soweit i.o. Bin jahrelanger guter Kunde von Adidas und immer sehr zufrieden damit. Aber leider bekomme ich die Schn√ºrsenkel bei diesem Model nicht zu.Damit Ist der Schuh nix wert !!! Also wer einen Schuh will der nicht zu verschlie√üen geht dann kauft diesen :-),Qualit√§t
54,Das Fell ist von billigster Qualit√§t. Beim ersten Mal tragen h√§ngt es schon an den Socken fest.,Qualit√§t
55,"Vorweg muss ich sagen, dass ich den Reebok Classic Leather jetzt nicht zum ersten mal gekauft habe. Aber dieses mal ist es irgendwie anders als bei seinen Vorg√§ngern. Dieses Wohlf√ºhl Gef√ºhl beim ersten Anprobieren wollte sich dieses mal gar nicht so recht einstellen. Es f√ºhlt sich irgendwie nicht echt an. Ich will jetzt nicht unterstellen, dass es eine F√§lschung sein k√∂nnte, aber der Schuh ist bei weitem nicht mehr so bequem und weich wie er vorher mal war. Irgendwas ist da am Material und an der Sohle zum Nachteil ver√§ndert worden. Daher von mir leider keine Kaufempfehlung.",Qualit√§t
56,Ich hatte den gleichen Schuh bereits in 39 in einer anderen Farbe der gut gepasst hat. Diesmal ist die 39 zu klein. Es wurde eine Seite in 39 und eine in 37 geliefert und die Schnallen sehen total ramponiert aus. Somit geht alles wieder zur√ºck.,Passform
57,Leider sind die Schuhe und F√º√üe weiterhin gleich feucht in den Schuhen. Jedoch wei√üt das Holz das Wasser ab und saugt es nicht wie normale Sohlen auf. Daraus entsteht dann ein kleiner unangenehmer See im Schuh. Somit ist das Tragen von Schuhen ohne Sohle angenehmer.,Qualit√§t
58,"War vom Preis Leistung Verh√§ltnis begeistert. Gute Passform, weichere Sohle, richtig angenehm und robust.. Nach einer Wintersaison ( Anfang 2018) und jetzt im Herbst (insgesamt 4 Monate getragen) l√∂st sich bei beiden Schuhen im vorderen Bereich an der Spitze die Sohle (oben) Das heisst: Feuchtigkeit bzw N√§sse kann eintreten. Vieleicht wurde hier mit Kleber gespart? Auf jeden Fall zum Ende hin ent√§uschend und nicht zu empfehlen.",Qualit√§t
59,"W√ºrde diesen Schuh nie wieder kaufen, er war nach 4 Wochen Tragen kaputt . Sohle l√∂ste sich ab und an den Seiten eingerissen.",Qualit√§t
60,Schlechte Qualit√§t. Bei der Kleingeldtasche ist die Naht nach 2 Wochen aufgerissen.,Qualit√§t
61,Die Sohle war ziemlich schnell durchgelaufen üòû und daher kann ich sie nicht empfehlen. Ich w√ºrde sie f√ºr diesen Preis nicht nochmal kaufen,Qualit√§t
62,"Meine gelieferten Schuhe sind nicht Original. Das F√§hnchen mit dem QR-Code fehlt. Es gibt auch keinen Aufkleber mit QR-Code. Auch der nach der Reklamation gelieferte Ersatzschuh ist kein Original. Dass Amazon (ich habe direkt dort gekauft, nicht √ºber Marketplace) F√§lschungen verkauft, h√§tte ich nicht erwartet, zumal auch nicht jeder Kunde die Echtheit pr√ºft. Auch ich bin nur durch Zufall dar√ºber gestolpert. Auspacken, einpacken, zweimal zur Post rennen, bin zum ersten Mal von Amazon genervt. Schade. Ich bin schon lange Amazon-Kunde, fr√ºher gabs eigentlich nie Reklamationen,aber in letzter Zeit muss ich √∂fter Gekauftes zur√ºckschicken.",Qualit√§t
63,"Nicht empfehlenswert, brauche sie nur zum duschen auf Arbeit doch sie sind einfach kaputt gegangen. Erst l√∂ste sich eine Seite einen Tag sp√§ter die andere. Sehr entt√§uscht",Qualit√§t
64,"Das Produkt ist leider nie angekommen ???!! Den Verk√§ufer kann man leider nicht anderweitig kontaktieren, also bleibt mir nix anderes √ºbrig, als eine negative Bewertung zu hinterlassen..",Lieferung
65,"Sie sehen sch√∂n aus. Das ist aber leider auch das einzige positive was ich berichten kann. Das Leder erscheint minderwertig. Schon nach kurzem tragen ergibt sich nicht dieser typische Knick am Spann sondern eher schiebt sich das Leder irgendwie auseinander.....kann ich gar nicht beschreiben,h√§tte ich bei noch keinem anderen Schuh jemals. Ausserdem ist der Schaft total steif, dadurch dr√ºckt er hinten an der Wade und an der Sehne so sehr dass ich nach 2Stunden tragen beeindruckende und sehr schmerzhafte Scheuerstellen hatte. Ich habe wirklich keine empfindlichen F√ºsse, aber dieser Schuh grenzt f√ºr mich an K√∂rperverletzung. Ein Stern weil es ja leider nicht m√∂glich ist null zu geben.",Qualit√§t
66,"Die gro√üe war nicht in Ordnung, und war schief",Passform
67,Der Schuh sieht sehr billig verarbeitet aus. Es sind √ºberall Klebereste am Schuh,Qualit√§t
68,"Leider sind die Schuhe einfach ""geschrumpft"" (nach ca. 6 Wochen!),habe sie am Balkon gelassen,nun kann man sie leider nicht mehr tragen. Keine Ahnung was da los ist,M√∂glichkeit zur Reklamation gibt es anscheinend nicht.",Qualit√§t
69,Leider hat der/die Schuh/Sandalette eine sehr gro√üe Form. Passt nicht,Passform
70,Habe mir die Schuhe bestellt und sind nie angekommen bei mir und der Verk√§ufer behauptet erst hab ich es bekommen dann nicht zustellbar wegen Adresse dann hat er mir irgendeine DHL Nummer geschickt wo nicht mal existiert bin gespannt ob ich √ºberhaupt mein Geld zur√ºck bekomme üò°üò°üò°,Lieferung
71,"Leider haben wir die bestellte Ware nicht erhalten. Geliefert wurde zwar der richtige original Karton, aber leider mit dem falschen Schuh darin. Wir haben diesen dann wieder zur√ºck gesendet.Nach langer Bearbeitungszeit wurde uns dann zwar der Schuh wieder gutgeschrieben, aber die Versandkosten leider einbehalten. Erst nach dem wir reklamiert hatten, wurde dann der Versand gutgeschrieben.",Lieferung
72,Die Schuhe habe ich gleich wieder zur√ºckgeschickt. Als ich den Karton aufmachte kam mir ein unertr√§glicher Gestank entgegen. Entweder war es die Gummisohle oder der Kleber.,Qualit√§t
73,Achtung: Nach nur einem halben Jahr l√∂ste sich bereits das Futter. Ein Umtausch wurde nicht akzeptiert. Schade - wenn man den Preis beachtet!,Qualit√§t
74,"Im September 2016 die Zehentrenner gekauft, im Juni 2017 ein Seitenriemen ausgerissen. Problemlos kostenfrei Ersatz erhalten ,leider im Juni 2018 wieder das selbe. Die Riemen sind nur eingesteckt verklebt.",Qualit√§t
75,Ich habe das Paket nicht erhalten,Lieferung
76,"Ich habe mir drei verschiedene Gr√∂√üen bestellt und alle waren nicht optimal verarbeitet. Nike-Zeichen an der R√ºckseite des Schuhs ist krumm und der Stoff ist an einigen Stellen arg ausgeblichen. Zudem Kleber√ºckst√§nde an der Spitze. Schuh kam nicht in einem Original Nike-Karton. Ich Zweifel hier leider an, dass die Ware Original ist. Daher alle drei Paare zur√ºck!",Qualit√§t
77,Nach 9 Wochen hin√ºber.,Qualit√§t
78,Leider kein Original Vans sneaker sehr schade deswegen ging er zur√ºck! Der Versand war schnell deswegen vergebe ich einen Stern,Qualit√§t
79,"Hallo,wie kann ich Verk√§ufer kontaktieren, das Pakt kam nie an?",Lieferung
80,"Da muss man noch die R√ºcksendung bezahlen, da die Gr√∂√üe falsch angegeben wurde.",Passform
81,Sehr unbequem man kann darin nicht laufen,Qualit√§t
82,"Leider schickt Amazon hier F√§lschungen der Originalen Converse Chucks raus, bin sehr entt√§uscht!",Lieferung
83,"Nach 10 Mal tragen bereits seitlich defekt. R√ºcksendung wurde abgelehnt. W√ºrde da nichts kaufen. Hinterher ist man schlauer. W√ºrde gar keinen Stern vergeben wenn es ginge....mies, total mies...",Qualit√§t
84,"Empfindet nat√ºrlich jeder anders, f√ºr 50‚Ç¨ hab ich mehr erwartet... Da ich pers√∂nlich finde, dass sich der Betrag f√ºr Schuhe im Mittelfeld bewegt, h√§tte es auch ein gut verarbeitetes Produkt sein sollen. Ich bin entt√§uscht, Gr√∂√üe nicht optimal, Material f√ºhlt sich sehr hart an, an s√§mtlichen Stellen gelbe Klebereste und die Sohle ist kaum bis gar nicht biegbar... Schuhe gingen zur√ºck... Hinzuzuf√ºgen ist aber, dass die R√ºcksendung ohne Probleme verlief, Geld wurde z√ºgig zur√ºckerstattet...",Qualit√§t
85,Es wurde eine falsche Gr√∂√üe eine Nummer zu gro√ü geliefert und nach schriftlichen anfragen auf Umtausch gab es von der Firma bis heute keine Antwort. Somit stehen die Schuhe bei mir zu Hause ungenutzt zum Umtausch bereit. Wollte eine doppelte Bezahlung vermeiden. Bin Ent√§uscht dass sich die Firma nicht gemeldet hat.,Lieferung
86,"Schuh passt wie angegossen, nur das an und ausziehen bereitet gro√üe Probleme",Passform
87,"Kann ich √ºberhaupt nicht empfehlen. Die Schuhe sind so komisch verpackt, dass sie vorne so aufgedreht waren. Das l√§sst sich nicht mehr zur√ºckbiegen. Meine Tochter weinte immer, da ihre Zehen dann verbogen waren.",Lieferung
88,Der Stiefel ist f√ºr die √úbergr√∂√üe sehr schmal geschnitten!!! Passt also f√ºr meine Zwecke nicht! Da die R√ºcksendekosten zu tragen sind-bitte genau abw√§gen ob man das Produkt von diesem Shop kaufen will!,Passform
89,Die Schuhe sind nie bei mir angekommen . Amazon hat dann das Geld erstattet . Bestellt lieber nicht dort. Super √§rgerlich so lange zu warten und dann nix zu bekommen,Lieferung
90,Ich kann leider dazu noch nichts sagen da ich die Tasche noch nicht bekommen habe. Garantiertes Lieferdatum 29.12. Naja ist leider nicht da und Versand fand durch Hermes statt werde nichts mehe bestellen was mit hermes geliefert wird!!,Lieferung
91,Nach etwas mehr als 12 Monaten (intensiver Verwendung) sind die Versen des Schuhs aufgerissen und damit ist der Schuh unbrauchbar. F√ºr ein Gummistiefel mit diesem Preis absolut nicht tolerierbar!,Qualit√§t
92,"Nicht viel besser als Schlapfen von Deichmann: links und rechts und ungleich verarbeitet, Sohle mit weichem Material unterf√ºttert, dr√ºckt aber im Zehenbereich trotzdem. Verschluss ist schief zu kletten, schaut nicht gut aus. Und, ganz wichtig: ich habe mich nicht wohlgef√ºhlt. Kommen an die von Rohde nicht heran. Kann ich leider nicht weiterempfehlen.",Qualit√§t
93,"Ich habe jetzt rieker Zehentrenner blau, Gr√∂√üe 44 gekauft. Eine Wohltat sie zu tragen. Die Gr√∂√üe 43 schwarz hat nur Schmerzen im Zehenbereich verursacht, da der Steg viel zu hart ist. mfg M. Kurze",Passform
94,H√§tte innerhalb von zwei Tagen ankommen sollen. Lieferdatum wurde mehrmals verschoben...und sowas nennt sich Prime...,Lieferung
95,Tolle farben gute marke doch dieses paar schlecht verarbeitet l√§sst sich schwer binden Nicht der √ºbliche gute salomon schuh,Qualit√§t
96,"Der Schuh ist insgesamt sehr eng geschnitten. Die Verarbeitung erscheint gut. Nach dem ersten Tragen bekam ich eine Blase am Spann (Druckstelle!). Nach einem weiteren Versuch schmerzten meine Zehen derart, dass ich einige Tage nicht Walken konnte. Der Schuh scheint viel zu schmal. Mit Modellen anderer Hersteller hatte ich bis zu diesem Zeitpunkt keinerlei Probleme. Ich musste den Terrex retournieren.",Passform
97,"Die von mir bestellten Schuhe sind mir nicht geliefert worden. Laut Sendungsverfolgung liegen die seit drei Wochen in Hamburg bei DHL. Wenn ich DHL schreibe, dann wird mir gesagt das von der Absender und nicht der Empf√§nger dies reklamieren kann. Als ich dann auf Erstattung bei Amazon gedr√ºckt habe, habe ich einen Code zugesendet bekommen mit dem ich die von mir bestellte Ware zur√ºcksenden kann. Geht ja aber nicht weil ich sie nicht bekommen habe! Der Kaufpreis ist von meinem Konto abgebucht worden und ich bekomme ihn erst erstattet wenn ich nicht erhaltenen Schuhe zur√ºcksende. Ich f√ºhle mich mehr als betrogen und angezockt!",Lieferung
98,"Totaler Mist. Bei mir ist nach einmaligem tragen direkt ein St√ºck Plastik, was am Absatz befestigt war, abgefallen. Im Endeffekt habe ich 6 Euro erstattet bekommen was sich f√ºr Insgesamt (mit Versand) f√ºr ca. 20 ‚Ç¨ die ich bezahlt habe √ºberhaupt nicht lohnt.",Qualit√§t
99,Ich hatte mir von den ONEMIX-Laufschuhen ein Paar in rot und ein Paar in orange gekauft: bei beiden (!!) Paaren war schon nach nur ca. 100 km GEHEN der Stoff im Fersenbereich durchgescheuert :-(((,Qualit√§t
100,Tschuldigung aber wann kommen mein bestellen,Lieferung
101,"Ich muss mich leider leider hier vielen vorangegangenen Meinungen anschlie√üen. Das ist f√ºr mich keine bekannte Timberland Qualit√§t und die Sohlen machen so schreckliche T√∂ne, das kann man sich nicht vorstellen. Schade eigentlich, weil der Schuh an sich recht schick ist. Aber ich kann das so nicht empfehlen",Qualit√§t
102,Totaler Fehlkauf.In rechten Schuh l√§uft komplett vorn das Wasser herein.,Qualit√§t
103,Schlechte Verarbeitung,Qualit√§t
104,der Schuh ist zu eng geschnitten,Passform
105,"Das Foto auf der Angebotsseite hat mich dazu verleitet diese Tasche zu bestellen. Schon der chemische Geruch haut einen um und das 'Leder' ist sehr d√ºnn, alles in allem sieht die Tasche ganz einfach billig aus, ist schade, denn im Inneren ist sie gut gen√§ht mit vielen Innentaschen. Leider ist das eine R√ºcksendung.",Qualit√§t
106,Beim reinschl√ºpfen ist die hintere Verst√§rkung an der Ferse kaputt gegangen.,Qualit√§t
107,"Die angen√§hte Fee-Figur ist nach ein paar Tagen komplett abgefallen und schon nach kurzer Zeit (ca 2 Monaten) sind an beiden Fu√üspitzen L√∂cher entstanden, obwohl, der Schuhe passt, d.h. NICHT zu klein ist. Nicht empfehlenswert.",Qualit√§t
108,Die bestellten roten Chucks sind ein Plagiat. Die Schrift ist eine v√∂llig andere.,Qualit√§t
109,"Das Leder ist zu d√ºnn, daher als Schneestiefel nicht sonderlich empfehlenswert.",Qualit√§t
110,"Der gr√∂√üte Schrott! Habe das Modell wie im Bild abgebildet bestellt, bekommen habe ich allerdings ein komplett anderes!! Statt Gr√∂√üe 30 Gr√∂√üe 37, statt pink, mit Klettverschluss und Lack Elementen, wei√ü geschn√ºrt und ohne Lack! Ich dachte zuerst ich h√§tte versehentlich etwas angeklickt und es w√§re nicht meine Bestellung! Nie wieder lasst blo√ü die Finger davon! Ich hoffe, dass ich mein Geld zur√ºck erstattet bekomme",Lieferung
111,"Wie soll ich einen Schuh bewerten, denn ich gar nicht erhalten habe. Diese Bestellung ist kein Stern Wert: Erst ist das Paket unterwegs, Dann wird es storniert durch Verk√§ufer und jetzt soll ich bewerten?",Lieferung
112,"Gr√∂√üe 44-45 bestellt aber die Schuhe die ich erhalten habe sind maxima ca. Gr√∂√üe 41. Qualit√§t und Verarbeitung sind ok, aber das bringt irgendwie nicht viel wenn der Schuh dann meinem Mann 4 Schuhgr√∂√üen zu klein sind.",Lieferung
113,Miserabel. Warte bis heute drauf. Keine Reaktion.,Lieferung
114,"Lieferung bin Von 24h top... Aber Tragen der Schuhe nach genau Einem Tag l√∂ste sich die Sohle ab und das, zum weiteren ist der Ganze Schuh aus einem Material wo KEINE Luft Rein NOCH Raus kommt.. 30min Laufen und Die F√º√üe oder Soken sind Nass",Qualit√§t
115,2 paar Schuhe bestellt beide in falscher Gr√∂√üe geliefert. Sogar der linke und der rechte haben sich bei einem Paar in der Gr√∂√üe unterschieden.,Lieferung
116,Artikel nie erhalten. Einmalige Antwort vom Verk√§ufer. Danach war das Email Postfach ung√ºltig! Bestellt bei DJT Sneaker and fashion. Sehr √§rgerlich.,Lieferung
117,"W√§re ein Ostergeschenk gewesen, trotz mehrmaliger Ank√ºndigung der Lieferung, sind die Schuhe nach 2 Wochen immer noch nicht eingetroffen. Sehr entt√§uschend!",Lieferung
118,Der Rucksack ist nicht so wie auf den Fotos. Die Tr√§ger sind nicht aus Leder sondern aus Textil. Finde es echt schade das man die Ware nicht so bekommt wie es in den Fotos auch zu sehen ist. √ÑRGERLICH üò°üò°,Qualit√§t
119,Leider nach 10-20 mal tragen ist die Sohle gerissen. Danach k√∂nnte der Schuh in die Tone.,Qualit√§t
120,"Der Artikel kam nicht an, das Geld wurde nicht erstattet, und der Verk√§ufer reagiert nicht auf Nachrichten!! Werde dort nichts mehr bestellen!!",Lieferung
121,"Wie habe ich mich gefreut, als die Hausschuhe ankamen. Die Freude w√§hrte nicht lange. Bereits nach drei Monaten geringer Beanspruchung gerieten die Schuhe aus der Form, nach nur einem knappen Jahr waren sie nicht kaputt gegangen, sondern buchst√§blich zerfallen. Da war ich fassungslos.",Qualit√§t
122,Schuh f√§llt leider extrem klein aus. Gut 1 1/2 bis 2 Gr√∂√üen weichen bei Damengr√∂√üen ab.,Passform
123,Die Sohle war schnell kaputt...,Qualit√§t
124,Der Schuh ist sehr leicht und die Sohle ist sehr weich jedoch l√∂ste ich bei mir nach 2 Monaten die Sohle an der Klebestelle der Ferse ab. Das ist nach so kurzer Zeit nicht akzeptabel.,Qualit√§t
125,"Ich habe den Schuh in 43 bestellt, normalerweise trage ich 42. Gepasst h√§tte er genau. Er war auch super weich und bequem. Leider konnte ich den Schuh nicht behalten, weil er ganz f√ºrchterlich gestunken hat.",Qualit√§t
126,das paket ist nie angekommen!,Lieferung
127,Leider habe ich die komplett falschen Hausschuhe bekommen. Es waren Stiefel und mit den Pantoletten gar keine √Ñhnlichkeit. Somit hatte ich jetzt nur M√ºhe mit dem Zur√ºckschicken.,Lieferung
128,"Wer ""billig"" kauft, kauft teuer. Nach nicht mal zwei Monaten war der Absatz kaputt.",Qualit√§t
129,Hi ich habe bis heute keine ware erhalten wie lange mus ich noch warten . mfg beka,Lieferung
130,"Ware noch nicht erhalten, im voraus bezahlt und vom Konto gezogen!",Lieferung
131,Ich habe es nur 5 Tagen getragen und die sehen so schlecht aus wie nach ein Jahr.,Qualit√§t
132,"Ich bin sehr unzufrieden. Der Artikel rutscht unter den F√º√üen weg und ist nichf stabil. Gute Idee, aber ein Fehlkauf.",Qualit√§t
133,"Hat keine Vorteile gegen√ºber meinen alten Einlagen,nur wesentlich teurer,das Geld kann man sich sparen.",Qualit√§t
134,Ich schicke die Schuhe zur√ºck weil in den Schuhen kein Schild dran war,Qualit√§t
135,"Zu gro√ü, deshalb R√ºcksendung angefordert.",Passform
136,Nach nicht mal einem Monat gerissen. Ein Produkt f√ºr Kinder sollte meiner Meinung nach strapazierf√§higer sein.,Qualit√§t
137,"Optisch wissen die Schuhe durchaus zu gefallen, tragen sich auch gut. Leider l√∂st sich nach 2,5 Monaten die Sohle, just 10 Tage nach Ablauf der R√ºcknahme durch den Verk√§ufer. Anscheinend sind die Schuhe nur mangelhaft gefertigt, weshalb ich davon abrate und mir auch keine weiteren dieser Art kaufen werde.",Qualit√§t
138,"Sind definitiv nicht wasserfest, beim ersten Tragen richtig nasse F√º√üe! Ich habe die Schuhe eine Nummer gr√∂√üer gekauft, passt gut!",Qualit√§t
139,Es handelt sich um eine F√§lschung!,Qualit√§t
140,Bestellte Gr√∂√üe 40 f√§llt komischerweise viel zu klein aus! Bestelle immer Clarks Funny dreams und normal passen die immer. Musste die Schuhe zur√ºckschicken!,Passform
141,Ich bin stink sauer habe die Schuhe im Oktober bestellt und sollten schon l√§ngst da sein. Der Hersteller reagiert auch auf keine Nachrichten. Bitte nicht bestellen ist nur abzocke!!!! Eigentlich ist dieser eine Stern schon zu viel,Lieferung
142,Vor einem Jahr bereits bestellt und Originale erhalten. Diesmal leider nicht ...,Qualit√§t
143,"Also ich kaufe schon seit Jahren Bugatti Schuhe f√ºr die Arbeit. Und ich habe sogar bereits dieses Modell seit √ºber einem Jahr getragen. Mittlerweile sahen die aber nicht mehr sch√∂n aus. Deswegen habe ich mich entschlossen, nochmal die gleichen zu bestellen. Leider muss ich sagen, dass diese nach 3 mal tragen schon sooo schlecht aussehen! √úberall geht die Farbe ab und √ºberall sind helle Flecken. Ich war noch nie so entt√§uscht von Bugatti wie jetzt von diesem Paar. Am liebsten w√ºrde ich die Schuhe zur√ºckschicken.",Qualit√§t
144,Muss die Pantoffeln leider zur√ºckschicken. Mein Mann hat Schuhgr√∂sse 46. Ich habe den Artikel in Gr√∂sse 47 bestellt - ist um Einiges zu klein. Gr√∂ssenangaben sehr unzuverl√§ssig. Bisher hatte ich andere Giesswein Hausschuhe regelm√§ssig bestellt - jeweils eine Nummer gr√∂sser - hat immer gepasst. Jetzt gebe ich es auf.,Passform
145,"Diese Tasche kann ich leider nicht bewerten weil ich dieses Modell nicht bekommen habe,sondern eine ganz andere ,ich habe das falsche Modell nur behalten weil die Gr√∂√üe und die Farbe in Ordnung waren",Lieferung
146,Die Sohle ist absolut ungeeignet f√ºr Schotter Stra√üen da sich die offenen Waben voll mit Steinen h√§ngen. Sohle ist super weich und bequem.,Qualit√§t
147,"Anfangs war ich sehr zufrieden, doch nach ein paar Wochen hat sich dann pl√∂tzlich die Sohle gel√∂st. Dort wo es eigentlich keinen Sinn macht, n√§mlich in der Mitte, wo keine Ber√ºhrung zum Boden stattfindet (siehe Foto). Kann mir das nicht erkl√§ren, da es auch auf beiden passiert ist. Vermute einen Materialfehler.",Qualit√§t
148,"Keine Lieferung trotz Bezahlung bekommen, Geld soll zur√ºck √ºberwiesen werden, warten wir es mal ab. Trotzdem sehr Schade, war ein Weihnachtsgeschenk, und nun? Amazon sollte seine Lieferanten mal pr√ºfen! Wenigstens war der telefonische Kontakt zufrieden stellend.",Lieferung
149,"Habe Gr.38 umd auch in 38 bestellt, fielen sehr klein aus, die Laschen an beiden Schuhen waren nicht glatt umd dr√ºckten, deshalb musste ich sie leider zur√ºcksenden",Lieferung
150,Qualitativ minderwertige Hausschuhe. F√ºr den Preis nicht akzeptabel! Die Sohle l√∂st sich bereits nach kurzer Zeit.,Qualit√§t
151,"Rei√üverschluss ist gleich schon am zweiten Tag im Urlaub kaputt gegangen. Echt √§rgerlich, deswegen auch nur einen Stern. Keine 20 Euro wert.",Qualit√§t
152,"Kundenservice wird hier nicht gew√§hrt. Habe den Schuh bestellt, allerdings stand bei amazon 3 wochen wird zugestellt. Mein vater hat diesen in der Hektik angenommen und es vergessen zu erz√§hlen. Ich habe die Firma kontaktiert und den abliefernachweis bekommen. Erst ab dan konnte ich eine R√ºcksendung anfordern! Diese wurde abgelehnt, mit der Begr√ºndung das ich zu sp√§t bin. Allerdings war das Feld der R√ºcksendung ausgegraut!",Lieferung
153,Der Schuh hat eine sehr schlechte Qualit√§t. Die Sohle ist aus Plastik und ist sehr unbequem. Ich hab ihn direkt wieder zur√ºck geschickt,Qualit√§t
154,"Ich habe mich gefreut, endlich eine Tasche in dieser Gr√∂√üe gefunden zu haben. Heute ist sie angekommen und da musste ich feststellen, die Ma√üe stimmen nicht mit der Beschreibung √ºberein. Die Tasche, die ich erhalten habe, ist wesentlich gr√∂√üer. Echt schade.",Passform
155,"V√∂llig unbrauchbar, nur ein dreieckiges St√ºck Nylon... ich bin entt√§uscht und muss noch sieben W√∂rter schreiben um die Rezension abzuschlie√üen",Qualit√§t
156,"Schlechte Qualit√§t, nach 3 Monaten Tragezeit l√∂ste sich die Sohle (bei Timberland nur geklebt).. Letztlich ist der Timberland Boot ein teures Wegwerfprodukt Made in einem Billiglohnland, der Dominikanischen Republik. Sehr schade und nat√ºrlich auch sehr √§rgerlich, wenn man bedenkt, wie teuer die sind und das man hier an Kleber spart.",Qualit√§t
157,"Leider ist beim dritten mal anziehen schon eines der L√∂cher f√ºr die Schn√ºrsenkel ausgerissen. Der Schuh ist zwar g√ºnstig, aber 30 Euro sind in diesem Fall noch zu viel.",Qualit√§t
158,"die F√º√üe schwitzen nach kurzer Zeit in den Schuhen, die einliegenden Sohlen verrutschen bei jedem anziehen und zerknittern dann, ein Schn√ºrsenkel ist nach 4 Wochen kurz vor dem abrei√üen.",Qualit√§t
159,"Ich wollte mir nach einem Schuh vom Diskonter extra was hochwertiges kaufen,leider hat der teure Schuh nicht mal ein Jahr gehalten,undicht war er eh schon nach 4 Monaten.Jetzt f√§llt die Sohle ab und das Gewebe ist durchgescheuert. Im Einsatz war der Schuh nur f√ºr Hundespazierg√§nge,Wiese und Wald.",Qualit√§t
160,Tasche sieht optisch wirklich sehr schick aus. Leider ist sie nach dem ersten Tragen bereits kaputt gegangen. Auf R√ºckerstattung habe ich bis heute keine Antwort erhalten. Sehr √§rgerlich! Leider nicht zu empfehlen...,Qualit√§t
161,Schuhgr√∂√üe wird kleiner als angegeben verschickt ergo die Schuhe passen nicht und man bekommt das Geld nicht zur√ºck..... Alles Top? Mit nichten!,Passform
162,Habe eigentlich Gr√∂sse 39 und habe den Schuh in Gr√∂sse 40 bestellt. Der Schuh ist viel zu eng. Und irgendwie f√ºhlt der Schuh sich auch billig an. Schade,Passform
163,Leider nach einigen Monaten schon defekt !,Qualit√§t
164,Die Lieferung ist noch nicht erfolgt,Lieferung
165,"Die Sandalen sehen sehr h√ºbsch aus, doch leider sind die Riemchen sehr d√ºnn. Auch ist die Passform nicht optimal. Beim verschlie√üen liegt der Riemen nichts mehr an. Die Sandale ist h√ºbsch, aber irgendwie billig gemacht recht d√ºnnes Leder, f√ºr eine Sandale die auch strapaziert wird ist dieses wenig vertrauensvoll. Sie ging zur√ºck.",Passform
166,"Zu teuer, schlechte Qualit√§t, n7cht zu empfehlen !!!",Qualit√§t
167,"Die sehr knapp geschnittene, kleine B√∂rse √∂ffnet man mit zwei Druckkn√∂pfen - meist mit dem falschen. Letztlich f√ºr mich unbrauchbar.",Qualit√§t
168,"Ich warte jetzt schon eineinhalb monate und es tut sich gar nichts. Inder sendungsverfolgung steht nach wie vor, dass die Tasche am 9. Januar kommen soll. Nichts ist passiert. Habe den Verk√§ufer schon 2 mal angeschrieben und keinerlei Reaktion erhalten. Nicht zu empfehlen üò°",Lieferung
169,"Da meine Bestellung bislang nicht eingetroffen ist, kann ich zu dem Artikel nichts sagen... leider hat sich der Verk√§ufer bislang nicht zu dem Problem des nicht erhaltenen Artikels ge√§u√üert!",Lieferung
170,"Optisch ei sehr sch√∂ner Schuh. Leider nicht tragbar. Ich hab SG 43. hab ihn in der 44 und 44,5 ausprobiert. er ist einfach zu eng und f√ºhlt sich wie ein ganz harter plastikschuh an... Schade h√§tte ihn gern getragen, weil er einfach richtig schick aussieht.",Passform
171,leider kann ich den Artikel nicht empfehlen. Nach nur ca. 10 Nutzungen in 12 Monaten ist der Schlie√ümechanismus defekt und die Innenverkleidung abgerissen. Von au√üen sieht es aber noch aus wie neu (n√ºtzt nur leider nichts).,Qualit√§t
172,die Stiefel sind nach vier wochen tragen die Sohle abgegangen sehr schlechte stiefel bin nur entt√§uscht dar√ºber werde nichts mehr bestellen,Qualit√§t
173,"Leider muss ich feststellen, dass die Qualit√§t der Schuhe nicht dem entspricht, was ich erwartet habe. Bereits nach 10 Wochen habe ich ein Loch im linken Schuh (s. Bild). Auch am rechten Schuh deutet sich bereits an gleicher Stelle ein weiteres Loch an. Habe die Schuhe im t√§glichen Gebrauch, aber sie sollten doch l√§nger halten als 12 Wochen. Leider ist die R√ºcksendezeit bereits abgelaufen, sonst gingen sie umgehend zur√ºck. Ansonsten ein bequemer leichter Schuh.",Qualit√§t
174,"Extra 1 Nummer gr√∂√üer bestellt, trotzdem mindestens 2 Nummern zu klein..",Passform
175,Der Klettverschl√ºss am vorderen Riemen √ºber den Zehen ist viel zu kurz. Er √ºberlappt nur etwa 1 cm. Geht zur√ºck.,Passform
176,Hausschuhe sind nach einer Woche kaputt gegangen!!,Qualit√§t
177,Artikel nicht erhalten,Lieferung
178,√Ñrgerlich! Schuhe sind nicht aus Leder! Wahrscheinlich keine Originale!,Qualit√§t
179,"Nache einem tag, die F√ºsse am kn√∂chel aufgescheuert und permanent nasse F√ºsse. Habe mir die schuhe extra f√ºr mein russland trio bestellt, absoluter Reinfall",Qualit√§t
180,Der Titel sagt schon alles. Sohle ist etwas zu eng aber okay. Der Sinn ist alles in Form zu halten und den Fu√ü zu unterst√ºtzen. Ist hier absolut nicht gegeben. Fu√übett kriegt absolut NULL Halt und Unterst√ºtzung. Will mein Geld zur√ºck :-(,Qualit√§t
181,"Nach einem Tag v√∂llig d√ºnn und abgelaufen,und das f√ºr St√ºck ca, 4 Euro ,totaler Schrott ,bitte nicht kaufen, gehen zur√ºck die Dinger..",Qualit√§t
182,Die Sohle ist nicht wasserdicht. Im Schnee nasse F√º√üe von unten,Qualit√§t
183,Das ist ganz billige Ware f√ºr hier geliefert wird. Ich verstehe die Bewertungen hier nicht ansatzweise... Bitte Finger weg !,Qualit√§t
184,"Kann mich den anderen leider nur anschlie√üen. Die Schuhe passen garnicht, insbesondere auf der rechten Seite. Ging sofort zur√ºck, da nicht zu gebrauchen!",Passform
185,Die Gr√∂ssentabelle der Bestellung wird wiederholt nicht eingehalten,Passform
186,Die Qualit√§t l√§√üt zu w√ºnschen √ºbrig. Der Fu√ü hat keinerlei St√ºtze.,Qualit√§t
187,"Ich bin zu faul ihn zur√ºck zu schicken. √úber 20‚Ç¨ zum Fenter rausgeschmissen. Ich habe 44 bestellt und habe ihn jetzt einer Frau geschenkt, die 39 hat und meint er passt perfekt. Sonst ist er anscheinend okay verarbeitet. Wer also einen Schuh gr√∂√üe 39 braucht kann 44 bestellen und kriegt dann was er will.",Passform
188,nach einem Jahr der erste Riss an der Oberseite der Sandale...,Qualit√§t
189,"super bequem, ich trage sie zu fast allen Gelegenheiten, keine Druckstellen oder Blasen, auch nicht beim Einlaufen. Allerdings l√∂st sich nach 1 Jahr Tragen die Schuhsohle vorne an der Spitze, das finde ich f√ºr Schuhe in dieser Preislage zu fr√ºh",Qualit√§t
190,Sehr schade. Bekomme extreme Schwei√ü F√º√üe von dem Produkt,Qualit√§t
191,Extra gr√∂sser bestellt weil man mitlerweile wei√ü das crocs ein wenig kleiner ausfallen . Aber das eine 48/49 gr√∂√üe an einem gr.45 Fu√ü dr√ºckt geht ja garnicht . Ganz schnell Retour . Von daher Qualit√§t ungen√ºgend,Passform
192,"habe diesen spay bestellt, hat wunderbar funktioniert, also mehr davon bestellt. 2te lieferung impr√§gniert garnicht, habs auf verschiedenen schuhen getestet, das zeug h√§lt etwa so viel wasser ab wie herk√∂mmlicher haarspray. erwarte stellungnahme",Qualit√§t
193,R√ºcksendung wurde nicht erstattet! Ich habe 4 Wochen auf die Lieferung gewartet und jetzt warte ich seit 2 Wochen auf mein Geld.,Lieferung
194,"Die Tasche sieht sehr billig und benutzt aus, als h√§tte sie jemand schon 10 Jahre getragen gehabt.",Qualit√§t
195,Sieht nicht wie auf den Bildern aus. Die Schuhsohle ist nicht so angenehm,Qualit√§t
196,"Es wird sich nicht an bezogene Liefertermine gehalten auf E-Mails meinerseits wann der Artikel denn nun geliefert wird, wird von seitens des Verk√§ufers nicht Reagiert! Werde bei diesem H√§ndler nichtmehr bestellen !!! Denn auch nach mehreren Wochen ist immernoch keine Ware da die Bestellung erfolgte am 21.11.2017",Lieferung
197,Habe die Schuhe jetzt nicht √ºberm√§√üig viel getragen aber mittlerweile hat sich bei einem der Kleber an der Sohle und beim anderen der Kleber der Riemen gel√∂st. Schade da h√§tte ich bei einem Markenprodukt echt mehr erwartet,Qualit√§t
198,"Das Produkt (Schuhe) sahen auf Anhieb & qualitativ aus aber leider war dies nicht wirklich der Fall , nach ein paar mal tragen waren die Schuhe hin , hab dies auch den Anbieter geschrieben aber man wurde sofort abgewimmelt etc... ich werd dort nie wieder bestellen !",Qualit√§t
199,Ganz schlechte Qualit√§t. Einmal getragen und an beiden Stiefeln schon L√∂cher an der Schuhspitze. Rate vom Kauf ab!!,Qualit√§t
200,Ich habe die Schuhe nicht erhalten und auch mein Geld nicht zur√ºckbekommen.K√ºmmern Sie sich bitte darum!!!,Lieferung
201,"Qualit√§t √ºberzeugt nicht. Handschuhe waren bei Lieferung kaputt. M√ºtze f√§llt klein aus. F√ºr den Preis hab ich sie einfach behalten, sonst h√§tte ich mir die Arbeit gemacht und sie umgeschickt.",Qualit√§t
202,"Sehr sch√∂nes Design, leider ist die Sohle hart und rutschig. Und nach ein paar Wochen bekommt man bei Schnee matsch, nasse Socken.",Qualit√§t
203,Hab mir nach rund 20 min die komplette Hacke blutig gescheuert :((,Qualit√§t
204,"ich m√∂chte die Schuhe zur√ºck schicken weil sie viel zu eng sind ,habe aber noch kein R√ºcksendeettikett erhalten!! Bitte um Kl√§rung!!",Passform
205,"Ich hatte das Produkt vor ein paar Jahren schon einmal erworben und war sehr zufrieden. Die neuen Pantoletten sind diesmal schon nach zwei Monaten eingerissen, obwohl ich sie nur wenig daheim trage. Ein starker Qualit√§tsverlust!",Qualit√§t
206,"Schuhe sind wenn Neu sehr gut, aber nach einiger Zeit ( ca 1 Jahr ) bricht die Sohle , das war vor einigen Jahren besser, das geht so nicht , ich werde keine Rieker mehr kaufen, schade",Qualit√§t
207,"Die ADIDAS Kratzen an den R√§ndern, sind mal zu klein",Passform
208,Ich behalte den Artikel obwohl er vorne etwas dr√ºckt.,Passform
209,"k√∂nnten Atmungsaktiver sein, bequem sind sie schon allerdings werden die F√º√üe sehr schnell warm und schwitzig und gehen Extrem Schnell Kaputt !!!!!!",Qualit√§t
210,"Vorsicht Leute! Optisch Top und gem√ºtlich, aber nach 3mal tragen geht vorne die Gummisohle ab, habe da meine Zweifel ob es nicht B-ware ist. Kann echt nicht sein nach 3mal tragen.",Qualit√§t
211,"Besitze mehrere Schuhe von dieser Marke, aber diese gefallen mir pers√∂nlich nicht. Zudem sind die die Laschen viel zu kurz und l√∂sen sich immer wieder. Sorry, aber w√ºrde ich nicht mehr kaufen.",Qualit√§t
212,"Ich bin wirklich unzufrieden wir habe die Hausschuhe nun 4 Wochen und er hat sie nur bei der Oma an, also nicht gerade oft. Und sie sind schon kaputt. Die Sohlen l√∂sen sich vom Stoff. Kann es daher nicht weiter empfehlen.",Qualit√§t
213,"Dieser Artikel ist das mit nach Hause nemen nicht wert.Warum dieser Schuh wurde nicht viel getragen,aber das Oberleder reist ,man m√º√üte ja sein Geld zur√ºck bekommen.Kann nur sagen H√§nde weg davon.",Qualit√§t
214,"diesen Artikel habe ich im November gekauft , hat bis zum n√§chsten M√§rz gehalten . Reklamation wurde nicht anerkannt , angeblich falsche Behandlung , bzw mutwillige Zerst√∂rung .",Qualit√§t
215,Bei dem Preis sollte man wirklich keine Qualit√§t erwarten . Lieder etwas mehr ausgeben und daf√ºr etwas besseres kaufen,Qualit√§t
216,Nach zwei Hei√üen Tagen am Pool sind die Schuhe von 41 auf 38 geschrumpft üòû,Qualit√§t
217,"Habe diese B√§nder in weiss seit etwa 8 Wochen in Gebrauch. Leider sind mir bis heute insgesamt 3 B√§nder gerissen. Immer im Bereich der Oesen, und immer im beanspruchten Bereich (oben erste und zweite Schn√ºrung). Ich werde nun versuchen, einen Gew√§hrleistungsanspruch geltend zu machen.",Qualit√§t
218,Die Schuhe sind toll ... Ich kann nur jedem raten der den reibungslosen Ablauf und Service von Amazon kennt hier nicht zu bestellen ... Warten auf Lieferung‚Ä¶ Keine ordentliche Kommunikation mit dem K√§ufer m√∂glich ... Antwortet nicht passend auf e Mails .. Und am Telefon wurde ich sogar absolut herablassend behandelt ...,Lieferung
219,"Mir missf√§llt das Produkt, da es nicht lange h√§lt. Drei-viermal getragen, in den Nike Turnschuhen, schon l√∂sen sie sich. Habe jetzt L√∂cher hinten.... Keine Kaufempfehlung!",Qualit√§t
220,"Schuhe soweit in Ordnung!Leider quietscht der Schuh deutlich h√∂rbar bei jedem Schritt, das auch nach Monaten. Sorry,das geht gar nicht...das n√§chste mal wieder Hummel Sneaker...",Qualit√§t
221,"Schnelle Lieferung wie immer. Leider erkenne ich aber keine Verbesserung an den Schuhen. Ich w√ºrde sie nicht weiter empfehlen, da sie immer noch schlecht sind.",Qualit√§t
222,Die Schuhe knarzen bei jedem Schritt. Das nervt total. St√§ndig wird man mit bl√∂den Spr√ºchen darauf angesprochen,Qualit√§t
223,schlechtester Schuh meines Lebens... auf beiden Seiten l√∂st sich die Gummisohle - dazu reagiert der Marketplace-Verk√§ufer nicht / bin zutiefst von der Marke Jack&Jones entt√§uscht - mal gespannt ob meine Beschwerde bei Jack&Jones direkt etwas bewirkt.,Qualit√§t
224,Passt zwar wie erwartet. Update Krieg ein Ersatzprodukt laut Verk√§ufer Bin gespannt ob die neuen wirklich wasserdicht sind. Mein Sohn tr√§gt die Schuhe sehr gerne weil sie bequem und sehr flauschig sind. Sofortige Reaktion durch Verk√∂ufer !! Auf deutsch auch das Ersatzprodukt ist eine Katastrophe!!! Beide im M√ºll entsorgt !,Qualit√§t
225,Wo ist meine Suche Der Schuh ist noch nicht angekommen????,Lieferung
226,"Schnelle Lieferung, dennoch l√§sst die Verarbeitung zu w√ºnschen √ºbrig. Die Schuh fiel bereits nach kurzer Zeit auseinander. Nicht zu empfehlen.",Qualit√§t
227,"Bereits an den H√§ndler zur√ºckgeschickt, allerdings gab es noch keine Best√§tigung das die Ware angekommen ist, warte auf eine Antwort",Lieferung
228,Nach nur 4 Wochen getragen gehen die Schuhe total auseinander .Seht euch die Bilder an absolut nicht zu empfehlen nie und nimmer absolut nicht lasst die Finger von dem Artikel,Qualit√§t
229,Sieht super aus passt auch aber ist leider nicht wasserdicht trotz Impr√§gnierung. Bei R√ºgen hat man nasse F√º√üe ist leider sehr √§rgerlich.,Qualit√§t
230,"Bei dieser Tasche handelt es sich um eine F√§lschung. Ich habe die Tasche und eine selbe Michael kors Tasche (anderer Lieferant) verglichen. Erst beim 2. Hinschauen sieht man dass die anders ist. N√§hte dunkler ,keine Seriennummer, Tasche insgesamt dunkler als original. Eine sehr sehr gute F√§lschung. Also Vorsicht!!!",Qualit√§t
231,"Habe diese Schuhe bestellt und dachte die w√§ren Original aber die Qualit√§t ist mies und anhand der Sohle vor allem zb sieht man, dass sie Fake sind. Sehen am Fu√ü auch nicht besonders sch√∂n aus.",Qualit√§t
232,"Die Schuhe selber sind super, sie sind leicht elastisch und sehr bequem nur die Verarbeitung l√§sst zu w√ºnschen √ºbrig die Sohle l√∂st sich nach einer Woche ab...",Qualit√§t
233,"es gibt eine gr√∂√üere Version (ich habe eine solche schon einmal bekommen). Bei der Bestellung finde ich aber keinen Link, um die Gr√∂√üte Variante zu w√§hlen. Darum habe ich sie auch zur√ºckgesendet, obwohl ich sie dringend gebraucht h√§tte",Passform
234,GeldB√∂rse ist nie angekommen. Bei Kontaktaufnahme mit dem Verk√§ufer hie√ü es nur ich sollte mich gedulden. Schlechter Service nicht weiterzuempfehlen.,Lieferung
235,Habe jetzt einen direkten Vergleich. Habe mir das Paar in einem Crocs Gesch√§ft gekauft und Zuhause verglichen. Aus irgendeinem Grund ist das Modell von Amazon viel breiter geschnitten. Also zur√ºck. Dieses Problem hatte ich schon einmal. Crocs werde ich hier nicht mehr bestellen.,Passform
236,Das Produkt wurde in der falschen Gr√∂√üe geliefert.,Lieferung
237,"Sandalen waren zu klein, habe die Schlaufen nicht zubekommen daher mu√üte ich die Sandalen zur√ºck schicken. Habe die Sandalen am 24.07.18 an Absender geschickt aber bis heute 15.08.18 keine R√ºckerstattung bekommen. Sollte man solche Firmen meiden.",Passform
238,Reine Chemie. Den Geruch w√ºrde man nie aus diesen Pantoffeln rausbekommen. Die Pantoffeln w√ºrde man wahrscheinlich im Normalfall f√ºr 2‚Ç¨ im Chinamarkt bekommen. Daher gingen sie direkt wieder zur√ºck!,Qualit√§t
239,Das Material ist billiges Gummi. Lieber etwas mehr ausgeben und daf√ºr Qualit√§t bekommen,Qualit√§t
240,"Die Schuhe sind heute angekommen, leider wurden sie schon mal benutzt, die Verpackung war nicht original, an der Sohle kleben kleine Steinchen. Die innen Sohle ist voller Katzen oder Hunde Haaren. Sehr unangenehm. Mit keinem Wort wurde in der Beschreibung erw√§hnt das es sich um ein Produkt handelt, der schon mal benutzt worden ist.",Lieferung
241,"Die crocs haben anf√§nglich gepasst Dann sind sie geschrumpft Beide crocs Paare sind Gr√∂√üe 13 aber diese crocs sind mittlerweile nach 4 Monaten so klein geworden, dass meine F√º√üe nicht mehr rein passen Sehr entt√§uschend",Passform
242,Ich habe diesen Artikel Ende November bestellt und erst am 29.12. erhalten. Ich musste zum Zoll und hatte extra kosten. Leider konnte ich dieses Geschenk meinem Mann nicht zu Weihnachten schenken.,Lieferung
243,"Die Hausschuhe waren gut verarbeitet, aber viel zu klein. Wie kann man eine Gr√∂√üentabelle angeben und sich dann nicht dran halten? Katastrophe",Passform
244,"Finger weg vpn den Artikel, nach 2 Tagen ist die Farbe aus den Schuhen!",Qualit√§t
245,"Abgesehen davon, dass die Schuhe zu klein sind, haben Sie derma√üen nach Chemie gestunken, dass ich sie sofort zur√ºck geschickt habe",Qualit√§t
246,Hallo die Fallen klein aus hab Gr√∂√üe 46 aber ich glaub das sind 44/45 schade Mit freundlichen gr√º√üen Sultan Akbar,Passform
247,Schuhe sind an sich viel zu blass/hell! Der Armee style war in der Produktansicht l√§ngst nicht so hervorstechend wie in Natura. Zudem ist die harte Sohle mega unangenehm.,Qualit√§t
248,Zur√ºck geschickt. Sind zu klein und schlecht geschnitten,Passform
249,leider nach 2 Monaten schon undicht. Sehr Schade R√ºckgabefrist abgelaufen. Da werde ich wohl wieder bei der Konkurrenz bestellen m√ºssen.,Qualit√§t
250,"Bei meinen wei√üen Adidas NMD's hat es trotz Anwendung laut Anleitung kaum etwas gebracht. Schade, sind immer noch faltig",Qualit√§t
251,Schuhe gehen nach ca. 3 Monaten kaputt. Bereich Sole 2 mal...,Qualit√§t
252,Schade das der Schuh nur die W√§rme f√ºr kurze Zeit h√§lt. Nach wenigen Tagen sah man das sich die klebe l√∂ste und wo dann noch Schnee kam war ganz vorbei und der Schuh hatte vorne das Loch wo die klebe sich l√∂ste.,Qualit√§t
253,Der Schuh war nicht 100 Prozent Baumwolle obwohl die Beschreibung es als reine Baumwolle darstellte.,Qualit√§t
254,Preis √ºberh√∂ht f√ºr die Qualit√§t des Schuhs.,Qualit√§t
255,"schlechte Qualit√§t schlechter Verk√§ufer trotz Gesamtpreis √ºber 40,- keine kostenfreie R√ºcksendem√∂glichkeit meldet sich nicht, trotz mehrfacher Anfrage",Qualit√§t
256,"Sehr geehrte Damen und Herren, Ich habe am 20.7 die Schuhen als Brautschuh getragen genau eine Stunde da haben die Abs√§tze bzw.die Sohlen sich gel√∂st .Das d√ºrfte nicht passieren am so einem Tag . W√ºrde mich freuen wenn ich eine Entsch√§digung bekomme. Mit freundlichen Gr√º√üen Silvia Gruber Pilz",Qualit√§t
257,Schuh viel zu klein,Passform
258,Leider l√∂ste sich bei diesen paar der kleber auf der Seite!,Qualit√§t
259,Mir gefallen die Schuhe √ºberhaupt nicht! Bereits beim auspacken erkennt man die sehr schlechte Qualit√§t! Nicht nur die Sohle ist qualitativ schlecht auch nie N√§hte rei√üen nach einigen Tagen...,Qualit√§t
260,"Achtung, Ware wurde nicht nie geliefert. Es handelt sich wohl um eine rene Abzocke",Lieferung
261,"Bisher noch nicht eingetroffen, sollte vor √ºber einer Woche ankommen",Lieferung
262,F√§llt unglaublich klein aus. Ich habe bereits Schuhe von Tamaris und dort auch immer die gleiche Gr√∂√üe aber diese waren viel zu klein,Passform
263,Die Hausschuhe habe ich am 10.01. Bestellt und sind heute am 21.03 immer noch nicht da.... auf Emails Antwortet keiner.... eine Frechheit w√ºrde ich niemanden empfehlen...,Lieferung
264,Rei√üverschluss ging nach 1 Woche kaputt. Dazu super unhandlich.,Qualit√§t
265,die Hausschuhe passen gut aber hinten hat sich schon eine naht gel√∂st somit ist jetzt ein gro√ües Loch da :(,Qualit√§t
266,Ein wirklich sch√∂ner und bequemer Schuh aber leider hat sich nach einer W√§sche in der Waschmaschine der Kleber gel√∂st und unsch√∂n abgef√§rbt,Qualit√§t
267,"Habe die Schuhe am 13.08.18 bei Hermes zur√ºckgeschickt,und leider bis heute keine Geldr√ºckerstattung bekommen ??? Siehe Foto-Quittung",Lieferung
268,"nach genau einem halben Jahr l√∂st sich der Kleberand ab, sehr ent√§uschend f√ºr dieses Produkt, die Stiefel kann ich nur noch in dei Tonne schmeissen, da sie jetzt nicht mehr Wasserdicht sind.",Qualit√§t
269,"Ich w√ºrde gerne keinen Stern geben, da leider die Sohlen nicht bei mir angekommen sind.Ich kann also keine Bewertung abgeben und wahrscheinlich ist der eine Stern auch nicht gerechtfertigt.",Lieferung
270,"Mal sehen,ob ich mich und meine F√ºsse anpassen k√∂nnen.Sie k√∂nnten im Zehenbereich etwas stabiler sein,um die Zehen besser an ihren Bestimmungsort zu f√ºhren.",Passform
271,"Der Schuh hat keine 3 Monate gehalten, dann l√∂ste sich die Sohle vorn bei einem Schuh ab.",Qualit√§t
272,"Stiefel kamen Dank DPD leider nie an. Nach Kontakt mit dem Verk√§ufer wurde mir mitgeteilt, dass die Stiefel zur√ºckgeschickt wurden und ich Sie erneut bestellen m√ºsste, wenn ich sie haben m√∂chte.",Lieferung
273,"Schuhe pass(t)en wunderbar, allerdings sind sie bereits nach 3 Monaten kaputt und die Nieten an der Schnalle raus. Habe von den (nicht gerade g√ºnstigen!) Hausschuhen wirklich mehr Qualit√§t erwartet.",Qualit√§t
274,Aber leider viel zu klein! Eine Nummer gr√∂√üer muss mindestens bestellt werden.,Passform
275,Schuhe waren zu klein und kann sie de√ühalb nicht gebrauchen.,Passform
276,"Ziemlich weiche Sohle. Dieses f√ºhrt dazu,das die Schuhe quietschen.",Qualit√§t
277,"Versp√§tete Lieferung, falscher Artikel geliefert (Kinderschuhe anstatt Herrenschuhe, falsches Modell noch dazu) komplizierte R√ºcksendung da Verk√§ufer in UK",Lieferung
278,"Der Schuh hat zwar gut gepasst, aber der Zehentrenner war aus hartem Plastik und war beim Tragen √§u√üerst unangenehm.",Passform
279,Ein wirklich wundersch√∂ner Stiefel optisch und auch bequem. Leider habe ich ihn erst im Oktober bestellt und nun ist er kaputt. Hatte heute pl√∂tzlich nasse F√º√üe.,Qualit√§t
280,Am 03/18 Habe ich es gekauft.Qualit√§t bin ich unzufrieden. Siehe Bilder,Qualit√§t
281,Die Qualit√§t entspricht auch bei dem kosteng√ºnstigen Preis in keiner Art und Weise den Erwartungen. Ich versuche seit bald einem Monat mein Geld wieder zu erhalten. Produkt und Verk√§ufer beides mangelhaft.,Qualit√§t
282,Die Schuhe sehen sehr gut aus.. im ersten Moment.. aber innerhalb von zwei Monaten l√∂sen sie sich auf...keine Kaufoption.,Qualit√§t
283,der Schuh ist zu klein und die Sohle und an der Seite zu hart. Ist schon beim anziehen unangenehm,Passform
284,"Habe die Schuhe vor 5 Wochen bestellt, das urspr√ºngliche Lieferdatum ist bereits vergangen und die Schuhe sind immer noch nicht da! Frechheit!",Lieferung
285,"Diese Rezension bezieht sich auf den Verk√§ufer, nicht auf das Produkt! (Ich besitze bereits Zehentrenner von Birkenstock und diese liebe ich). Ich habe die Schuhe am 1.9. bestellt und bis heute 4.10. nicht erhalten. Der Betrag ist l√§ngst abgebucht und auf meine Nachricht an den Verk√§ufer hat bisher niemand geantwortet. Das erwarte ich als Amazon Prime Kunde anders.",Lieferung
286,"Zum ersten Sitzen die Schuhe perfekt muss ich sagen. Sie sind sehr bequem, allerdings sieht die Sohle nach 2 Wochen schon so wie auf dem Bild zu sehen ist aus leider. Deswegen gibt es nur ein Stern. Die Sohle ist v√∂lliger Schrott",Qualit√§t
287,Leider sind die Schuhe absolut NICHT Wasserdicht,Qualit√§t
288,"Bereits nach ca. 6 Monaten ist das Obermaterial defekt, der Schuh unbrauchbar.",Qualit√§t
289,Schuhe zur√ºck geschickt und jetzt behaupten Packet sei nicht angekommen.,Lieferung
290,Schuhe fallen sehr klein aus.,Passform
291,"Die Stiefel wurden lediglich bei nassem Wetter zum Hundespaziergang √ºber die Wiesen getragen; nach nun 6 Monaten sind sie undicht und ich komme mit nassen Socken nach Hause. Das ist nicht das, was ich von einem Gummistiefel erwarte.",Qualit√§t
292,leider sehr breit und unf√∂rmig. ,Passform
293,"Von der Passform her waren die Pantoffel knapp geschnitten, eher was f√ºr einen schmalen Fu√ü. Schade eigentlich.",Passform
294,Schrott nach ca 2 Monaten bei beiden Schuhen Sohlen gebrochen nur ein Gummi Ger√ºst Wasser l√§uft in den Schuh Laufleistung ca 20km Leder wie neu,Qualit√§t
295,Habe leider nasse F√º√üe vorne an n√§ht l√§uft das Wasser hinein.,Qualit√§t
296,Im Vergleich zu meinen vorhandenen Crocs f√§llt dieser hier 1-2 Nummern kleiner aus.,Passform
297,Nicht so gut wie ich dachte,Qualit√§t
298,"erst musste ich zwei Wochen auf die Lieferung warten um dann festzustellen, dass mir ein paar Rollen Klebeband anstatt der Schuhe zugesendet w√ºrden.",Lieferung
299,Schuhe fallen eine Nr. gr√∂√üer aus ,Passform
300,"sehr schlechte Qualit√§t: beim ersten Tragen haben sich zwei Metall√∂sen gel√∂st, nach 2-3 Monaten haben sich auf beiden Seiten die Sohlen abgel√∂st.",Qualit√§t
301,Nach einem Mal tragen ist schon ein Loch im Schuh. Schade und Geld.,Qualit√§t
302,Ich warte seid 2 Monaten und jetzt bekomme ich eine naricht das mein Paket verloren gegangen ist !!! Nicht bestellen !!!,Lieferung
303,Leider zeigt sich beim Tragen dass die Farbe schnell abgeht und nach einem normalen Arbeitstag stinken die Schuhe extrem nach Ammoniak. W√ºrde ich nicht nochmal kaufen.,Qualit√§t
304,Mir sind die Schuhe zu eng! H√ºbsch sehen die Schuhe aus.,Passform
305,Schuhe quietschen kann man nicht tragen,Qualit√§t
306,"Wir haben schon lange Jahre Crocs, aber bei den neuen Modellen scheint es Zufall zu sein, ob die Gr√∂√üe stimmt oder nicht. Dieses Modell in 42/43 sollte f√ºr meinen Mann sein und passte nicht mal mir mit 38/39. Ansonsten w√§ren die Crocs prima, wenn auch der Aufdruck Made in Italy nicht mehr vorhanden ist, so wie das bei den alten Modellen der Fall war.",Passform
307,Schlechte Verarbeitung nach 4 Monaten war schon der Rei√üverschluss kaputt obwohl ich es immer sorgf√§ltig auf und zu gemacht habe. D√ºrfte f√ºr diesen Preis nicht sein . Schade.,Qualit√§t
308,"Zum einen ist der Schuh schmal geschnitten, ich trage die Schuhgr√∂√üe 39 und mit d√ºnnen Socken sa√ü der Schuh schon sehr knapp, mit dicken Socken hatte ich Schwierigkeiten reinzukommen und als der Fu√ü dann drin war, hat es rundum gedr√ºckt.",Passform
309,Nicht kaufen ist Mangelhaft !,Qualit√§t
310,Leere Schachtel erhalten wohl vergessen ...,Lieferung
311,"Zwei mal gebunden, kaputt. Qualit√§t ist nicht empfehlenswert. SCHADE!!!",Qualit√§t
312,Sehr billig verarbeitet. Sowas habe ich noch nicht gesehen.,Qualit√§t
313,Nicht mal 2 Wochen tr√§gt mein kleiner die Schuhe Und schon sehen se aus an ob se 100 Jahre alt w√§ren,Qualit√§t
314,Die Schuhe fallen klein aus.,Passform
315,Das man sie 1.5 Nummer gr√∂√üer bestellen muss,Passform
316,Mir wurde wir bei einer anderen K√§uferin das falsche zugeschickt und jetz soll ich noch R√ºcksende Geb√ºhren bezahlen daf√ºr das die ihre Arbeit nicht richtig machen !! Unversch√§mt,Lieferung
317,"Das Produkt kam hier nie an, angeblich w√§re es angenommen worden, aber nicht mit meiner Unterschrift und ich wohne hier alleine. Bei den Nachbarn ist auch nichts.",Lieferung
318,Ich war eigentlich immer zufrieden mit diesem Modell. Aber nach 4 mal tragen hat die die Naht von der Zunge gel√∂st...,Qualit√§t
319,"habe bereits vier Paar Schuhe die bisher alle passten in der Gr√∂√üe 7, nur diese leider nicht",Passform
320,Nach nicht ganz zwei Jahren hat sich leider die Sohle vom Schuh gel√∂st,Qualit√§t
321,Statt den Hausschuhen sind diese Stiefel angekommen üòè,Lieferung
322,Zu klein die Qualit√§t ist nicht die erwartet.,Qualit√§t
323,Ich habe die Ware zur√ºckgeschickt und warte noch auf mein Geld,Lieferung
324,Die schuhe sind leider nicht angekommen... habe aber sofort lein Geld zur√ºck erhalten ohne Probleme,Lieferung
325,"Ich habe die Schuhe vor mehr als 1 Woche bestellt. Sie sind immer noch nicht eingetroffen, obwohl eine Lieferzeit von 2 Tagen angegeben war. Eine Trackingnummer gibt es auch nicht. Bei der n√§chsten Bestellung werde ich einen zuverl√§ssigen Anbieter ausw√§hlen.",Lieferung
326,Undicht nur √ºber einen nassen Rasen gegangen und schon nasse F√º√üe. üôà,Qualit√§t
327,Nach 5 Tagen kaputt gegangen.....bin entt√§uscht,Qualit√§t
328,Hallo! Schuhe sind noch nicht angekommen!!!!,Lieferung
329,Bin unzufrieden. Es ist kein 39. Kauf lieber one size bigger.,Passform
330,"Das produkt wurde,bedingt durch das lieferunternehmen, nicht geliefert.. zeitraum def lieferung von 14 Tagen..",Lieferung
331,Am Anfang waren die schuhe sehr Super bin auf wolken gegangen war sehr zufrieden aber nach 7 oder 10 mal tragen sind sie durchgelaufen sehr schade bin entt√§uscht,Qualit√§t
332,Das Quietschen geht auch nach tagelangem tragen nicht weg. wird eher schlimmer! Untragbar!,Qualit√§t
333,"Nach vier Wochen normalem Tragen ohne Bergtour oder √§hnlichem, sind L√∂cher in den Sohlen und der Schuh ist seitlich aufgerissen. ",Qualit√§t
334,Leider kamen die Schuhe nicht an und auch nach zwei Mails kam vom Verk√§ufer bisher keine Reaktion. Das Geld ist weg...,Lieferung
335,Nun ist trotzdem bei diesen Schuhen der linke Schuh schmaler als der rechte Schuh. Das dr√ºckt die Zehen zusammen und verursacht nach einer Stunde Laufen im Haus schon Schmerzen.,Passform
336,"Ich √§rgere mich sehr! Du Schuhe werden 1cm k√ºrzer und mindestens 1cm schm√§ler, wenn sie in der Sonne stehen z.B wenn ich beim Baden sie neben der Decke stehen lasse....",Passform
337,Auch wie bei den anderen Bewertungen musste ich leider feststellen das sich die Sohle anf√§ngt sich zu l√∂sen.,Qualit√§t
338,"Kein Hinweis, dass die schuhe kleiner ausfallen",Passform
339,Kaum bis gar nicht flexibel! Leider auch unbequem.,Passform
340,waren eine andere Qualit√§t des Artikels gewohnt.,Qualit√§t
341,"Der Schuh hat eine √ºble Passform, ist unbequem und etwas zu klein, gl√ºcklicherweise k√∂nnte ich die Schuhe zur√ºcksenden. Keine Kaufempfehlung.",Passform
342,An der Ferse sehr unbequem. Sehr unangenehm,Passform
343,"Der Artikel sollte vor einem Monat schon ankommen ,es kam nichts... keine antworten vom Verk√§ufer nichts. .",Lieferung
344,Viel zu klein geschnitten und zu eng selbst f√ºr schmale F√ºsse,Passform
345,"Leider habe ich die Sandalen nicht zum Termin erhalten, obwohl sie angeblich schon im Versand waren. Der Termin ist um 3 Tage kurzfristig verschoben wurden. Bis jetzt kann ich nichts zum Produkt sagen.",Lieferung
346,Schuh hat an der Ferse gerieben,Passform
347,Am 7.10. bestellt und nach 3 Monaten noch keine Ware erhalten. Verk√§ufer reagiert nicht auf Nachrichten!! War zu verlockend so billig zu kaufen.,Lieferung
348,Sehr schlechte Qualit√§t. Stinkt bestialisch nach Chemie wenn man die Packung √∂ffnet.,Qualit√§t
349,"Schuh ist wundersch√∂n, die Verarbeitung allerdings eine Katastrophe. Das Gummi ist nach 3 Monaten tragen komplett ausgeleihert und man verliert den Schuh fast beim Tragen zudem sieht es auch einfach nur noch bl√∂d aus. Geht echt garnicht.",Qualit√§t
350,Halten nicht lange ca 6 Monaten w√ºrde sie nicht noch einmal kaufen,Qualit√§t
351,"Meinem Baby dr√ºckt das Gummi total in seine Haut, weil es anscheinend total eng ist",Passform
352,√úber das Produkt selbst kann ich nichts sagen. Wir haben das Produkt gar nicht ehalten. Es ist beim Zoll gelandet und wieder zur√ºck gegangen.,Lieferung
353,Die Schuhe sind sehr schlecht verarbeitet und aus billigem Material.,Qualit√§t
354,"Passt nicht, da viel zu klein und l√§sst sich nicht umtauschen. Beschreibung der Gr√∂√üe ist irref√ºhrend und falsch.",Passform
355,"Nur kann ich sie nur kurz tragen, dass ich die Sohle bei mir nicht anpasst und Steinhart ist und ich deswegen unglaubliche Fu√üschmerzen habe. Weiter klemmt der Lederriehmen beim laufen meine Haut ein und das f√ºhrt zu Blasen und offene Haut.",Passform
356,"Auch wenn die Schuhe relativ g√ºnstig sind, h√§tte ich qualitativ mehr erwartet.",Qualit√§t
357,Ich habe am September 2018 f√ºr mein Sohn gekauft aber innerhalb Zehn Monaten ist kaputt ... Das is sehr schlecht f√ºr die Adidas...,Qualit√§t
358,Schuhe haben beim Kauf der Gr√∂√üe 43/44 perfekt gepasst. Nach den hei√üen Tagen sind sie jetzt auf Gr√∂√üe 39/40 geschrumpft und haben sich vorne hochgebogen. Das ist ein absolutes NoGo f√ºr einen Schuh in dieser Preiskategorie!,Passform
359,Produkt ist nie angekommen!!!,Lieferung
360,"Da der von mir bestellte Artikel gar nicht angekommen ist, ist ein Stern bereits zuviel. Wenigstens die R√ºckerstattung des Kaufpreises hat reibungslos funktioniert.",Lieferung
361,die schuhe sitzen total schlecht am fuss und werfen falten.,Passform
362,"Leider hat der Lederriemen auf dem Holz einen Farbfleck verursacht, der sich auch nicht abreiben oder abwaschen l√§sst.",Qualit√§t
363,Leider bekam ich ein anderes Paar in einer anderen Gr√∂√üe zugeschickt. Ging zur√ºck.,Lieferung
364,"Leider in sehr schlechteren Qualit√§t im Bezug auf den Preis. Schade eigentlich, aber optisch hat es mir sehr gut gefallen.",Qualit√§t
365,"Leider ist der Hausschuh bereits nach wenigen Wochen kaputt. Oberhalb der Gro√üzehe ist der Stoff durchgescheuert, kommt sicher auch durch noch h√§ufiges Krabbeln. Das sollte ein Babyschuh aber l√§nger aushalten...",Qualit√§t
366,"leider l√∂sen sich die an verschiedenen Stellen bereits auf, eine √ñse ist bereits ab. Das nach ca. 8 mal tragen. schade!",Qualit√§t
367,"Witziges Design (daf√ºr den einen Stern), aber bitte nicht bei Regenwetter tragen. Nach ca. 10 x tragen l√∂st sich das Oberteil an mehreren Stellen von der Sohle und man bekommt nasse F√º√üe.",Qualit√§t
368,Keine Ware nach √ºber 10 Tagen erhalten! Abbuchung auf dem Konto erfolgte aber binnen 3 Tagen. Telefonisch nicht zu erreichen! (Mehrmals versucht) 0 Sterne gehen leider nicht,Lieferung
369,ch habe die schuhe bestellt das Geld wurde abgebucht aber ich habe die Schuhe nie erhalten. Der Verk√§ufer hat sich bis heute nicht gemeldet. Sehr unseri√∂s,Lieferung
370,Leider schon nach wenigen Wochen defekt. Sohle l√∂st sich vom Schuh.,Qualit√§t
371,"Wir haben die Schlappen in Gr√∂√üe 46 bestellt, sie waren mindestens eine Nummer zu klein. Zus√§tzlich riechen die sehr stark nach billigem Plastik.",Passform
372,Allerdings hat das Plastik der Sohlen einen nicht sonderlich hochwertigen Eindruck gemacht. Leider hat sich der Eindruck bewahrheitet und nach nur 5 Wochen ist die rechten Sohle durchgelaufen und auf der H√∂he der Ballen ist nun ein Loch in der Sohle.,Qualit√§t
373,Die ersten 2 Monate ein toller Schuh. Aber jetzt ist der eine Rei√üverschluss kaputt!,Qualit√§t
374,"Wollte sie zur√ºck schicken,  Habe mich mit dem Anbieter in Verbindung gesetzt da ich keinen QR Code bekommen hab um sie zur√ºck zu schicken. Habe √∂fters eine Nachricht geschickt, wurde nicht richtig darauf reagiert! Jetzt bleib ich auf den Schuhen sitzen!",Lieferung
375,Bin √ºberhaupt nicht zufrieden . Zu klein und dauerte 6 Wochen bis die bei mir waren . Nie wieder. Etwas entteuscht,Lieferung
376,"Nach 2 mal tragen geht der Print schon ab, wirklich schade, f√ºr den Preis h√§tte ich mehr erwartet",Qualit√§t
377,Ich habe zweimal versucht die crocs in Gr. 25/26 zu bestellen. Beide Male war jeweils der rechte Schuh kleiner als der linke (mit freiem Auge erkennbar!)....,Passform
378,"Sieht billig aus, sehr schlechtes Material verarbeitet",Qualit√§t
379,Nach einem 3/4 Jahr (die Schuhe wurden ca. 2 mal pro Woche getragen) war die rechte Sohle gerissen.,Qualit√§t
380,"Nach paar monaten plastik im fersen bereich gebrochen ,",Qualit√§t
381,Das Paket wurde an die falsche Adresse geliefert und kam nie bei mir an.,Lieferung
382,Schlechte Verpackung.Keine Original Ware.Egal was ich bestelle es ist entweder Fehlerhaft oder nicht Ordentlich Verpackt oder einfach nicht so wie es in der Beschreibung steht.Keine Kaufempfehlung,Lieferung
383,"Nach 10 Woche hat sich die H√§lfte der vorderen Sohle komplett gel√∂st (Naht ist kaputtgegangen). Hausschuhe nun unbrauchbar und ein Fall f√ºr die M√ºlltonne. Auch wenn es g√ºnstig war, keine 3 Monate und dann Schrott ist indiskutabel!",Qualit√§t
384,"Produkt, auf das wir 2 Wochen gewartet haben ist schwarz und nicht wie bestellt blau!",Lieferung
385,Leider fallen sie kleiner aus und sind extrem d√ºnn.,Passform
386,R√ºcksendung kostet fast so viel wie die Schuhe selbst,Lieferung
387,Schuhe viel zu klein ,Passform
388,Gr√∂√üe passt aber sehr unbequem,Passform
389,Der Schuh ist nicht angekommen,Lieferung
390,Leider habe ich die Ware nicht erhalten und der Verk√§ufer meldet sich nicht :(,Lieferung
391,Sehr schnell ausgelatscht.,Qualit√§t
392,"Ich habe die Schuhe schon nur in 41/42 genommen, obwohl ich Schuhgr√∂√üe 43 habe, aber die sind einfach viel zu weit/breit. Man steht mit den Zehen st√§ndig vor den Schuhen.",Passform
393,Nach 5x anhaben schon l√∂chrig und kaputt ... der Stoff ist insbesondere um die Zehen ganz abgewetzt ... hat 2 Wochen gehalten. Unglaublich! Keine Kaufempfehlung,Qualit√§t
394,Habe nur in Hausschuhen getragen und schon jetzt hat sich ein kleines Magnet gel√∂st ! Ich bitte um Ersatz !!,Qualit√§t
395,Keinen richtigen halt in den Schuhen!,Passform
396,Das bestellte Teil wurde bis Heute nicht geliefert,Lieferung
397,sitzt viel zu locker.,Passform
398,"Produkt ist nie angekommen, Verk√§ufer meldet sich auch nach zweimaligen Anschreiben nicht. Warte noch darauf, dass ich mein geld zur√ºck bekomme!",Lieferung
399,W√ºrde die Gr√∂√üe ja gerne bewerten- wenn ich die Sohlen bekommen h√§tte!!!,Lieferung
400,Gekauft und passten nicht.,Passform
401,Bei Gr√∂sse 39 habe ich 40 genommen und trotzdem ist er zu klein.,Passform
402,Schuhe sind zu klein,Passform
403,Es wurden zwei Paare gekauft und beide Paare hatten die gleichen M√§ngel nach ca. 2-3 Monaten. Im vorderen Bereich rei√üt der Schuh seitlich ein.,Qualit√§t
404,Nach wenigen Wochen hat sich die Sohle hinten an beiden Schuhen ge√∂ffnet!,Qualit√§t
405,Die N√§hte l√∂sten sich nach zwei Wochen.,Qualit√§t
406,"Leider waren beide Rei√üverschl√ºsse kaputt,",Qualit√§t
407,Der letzt Schrott üò§ die Sohle l√∂st sich ab üò§ üò§ üò§ üò§ üò§ . . . . . .,Qualit√§t
408,Der Artikel war falsch verpackt,Lieferung
409,Das Leder bei dem M√ºnzfach ist total abgesch√ºrft nach nur 2 Monaten. Da zweifle ich an der Markentreue obwohl ich wirklich ein Fan von Hilfiger bin.,Qualit√§t
410,"viel zu schmal; passt zwar in den Schuh, ist aber an der Seite zu schmal.",Passform
411,Die Hausschuhe kamen schon in einem ziemlich deformierten Zustand an. Bereits nach einigen Wochen fallen die Dinger auseinander. Nicht zufrieden!,Qualit√§t
412,Schuhe sind leider nie angekommen.,Lieferung
413,die Noppen schmerzen sehr Beim laufen ,Passform
414,Falschen schuhe geliefert bekommen,Lieferung
415,Leider nach 2 Wochen Sohle abgel√∂st.,Qualit√§t
416,"Ich habe den Artikel bestellt, aber die Sendung wurde vom Transportdienst an Amazon retourniert.Ware leider nicht gesehen.",Lieferung
417,Ich bin entt√§uscht von den Schuhen. Meinen waren sehr schnell kaputt. Die N√§hte bzw Klebestellen gehen auf. F√ºr einen Markenartikel von Adidas finde ich das armselig. Kann vom Kauf nur abraten.,Qualit√§t
418,"Habe die sehr sch√∂ne H√ºlle jetzt einen Monat und muss leider sagen, dass sie jetzt schon an zwei Stellen kaputt ist. Entt√§uschend f√ºr den Preis.",Qualit√§t
419,Die Schuhe passen nicht ,Passform
420,"Nicht zu empfehlen , billig gemacht",Qualit√§t
421,"Der Verk√§ufer hat sicher nichts damit zu tun, aber der Artikel wurde NICHT zugestellt. Keiner war zu Hause und keiner hat nat√ºrlich die Lieferung entgegennehmen k√∂nnen, wie der Abliefernachweis sagt.",Lieferung
422,"Leider ist das Obermaterial nach kurzer Zeit eingerissen, dies ist auch bei der Ersatzlieferung schnell passiert. Schade !!",Qualit√§t
423,"Ich habe diese Schuhe exakt 3 mal getragen und sie sind kaputt. Sie geben beim laufen Ger√§usche ab ,was darauf hinweist das die luftpolsterung an den Versen kaputt ist. Und ich hab damit weder sport oder sonstiges genacht ! Das laufen ist dadurch unm√∂glich geworden. Entt√§uscht auf ganzer Linie",Qualit√§t
424,"5 Woche getragen dann kaputt, gute qualitate",Qualit√§t
425,Lange warte Zeit f√ºr schlechte Qualit√§t! Leider ist der innere Rei√üverschluss nach einmaligen benutzen schon kaputt gegangen!,Qualit√§t
426,Schlechtes Material sieht total billig aus kann ich niemanden empfehlen bin echt unzufrieden,Qualit√§t
427,Waren einen halben cm breiter als der Vorg√§nger und damit zu gro√ü.,Passform
428,Das Paket kam nie an. Auch nach versuchter Kontaktaufnahme geschah nichts.,Lieferung
429,diesen Artikel w√ºrde ich gern zur√ºckgeben! Nach kurzer Zeit ist das Leder bereits gebrochen! Dies sollte bei einer Sandale nicht der Fall sein,Qualit√§t
430,Bereits nach 4 Wochen ist beim linken Schuh das Oberteil vom Unterteil abgerissen - am linken Schuh vorn rechts.,Qualit√§t
431,"Zu hart, nicht biegsam, meine meinung nach schuhe sind nicht f√ºrs laufen geeignet",Qualit√§t
432,"Nun ist mir heute die Lasche abgebrochen, obwohl wie gesagt kaum getragen was anscheinend eine Schwachstelle des Schuhs scheint, da es bei dem anderem Schuh auch schon br√ºchig ist.",Qualit√§t
433,"Ich trage normalerweise die Gr√∂√üe 38,5. Deshalb in den meisten Schuhe 39. Aber weder die 38/39 noch die 39/40 passte.",Passform
434,"Dachte Schuhgr√∂√üe 43 ist eine Gr√∂√üe,die eigentlich immer passt.:) naja steht zwar in jedem Schuh 43 drin aber sind alle min 2 nr zu gro√ü sehr schade.!!",Passform
435,Die Stiefel waren 3 Nummern zu klein.,Passform
436,"Ging zur√ºck, da der Schuh viel zu gro√ü ausf√§llt. Mehr kann ich dazu leider nicht sagen.",Passform
437,"Steht Gr√∂√üe 41 drauf, ist aber Minimum nur ne 38!",Passform
438,2 R√ºcksendungen die bestellte Gr√∂√üe oder Farbe zu schicken,Lieferung
439,Der Schuh ist sehr schmal geschnitten. Es scheint ein Damenschuh zu sein (auch lt. Aufkleber am Produkt). Ging zur√ºck.,Passform
440,Guten tag Ich wollte nach fragen bis wann diese schuhe bei mir ankommen weil bis jetzt sind sie noch nicht da,Lieferung
441,Es ist leider nach so langer Zeit noch nicht angekommen . Aber der Verk√§ufer ist kulant und hat mir eine kleine gutschrift geschickt. Abwarten ....,Lieferung
442,Sehr schlechte Schuhe! Sohle klebt nicht richtig und innerhalb von 2 Wochen rei√üt der Stoff.. leider auch sehr unbequem.... Dank der Scholl Gel aktiv Sohlen geht's einigerma√üen..... ich empfehle jedem diese Schuhe nicht zu kaufen...,Qualit√§t
443,w√ºrdr ich nicht nochmal bestellen. Rei√üverschluss klemmt und funktioniert nicht gut. es ist wirklich nicht mal f√ºr das geld inordnung.,Qualit√§t
444,"Bereits nach dem zweiten Tragen war am rechten Schuh das Gummi am oberen Rand derma√üen ausgeleiert und wellig, dass ich den Schuh wieder zur√ºckgeschickt habe.",Qualit√§t
445,zu klein f√ºr die angegebene Gr√∂sse.,Passform
446,Leider sehr schnell undicht geworden nach einem Monat..werde reklamieren,Qualit√§t
447,Viel zu weit.,Passform
448,"egativ f√§llt sofort die rutschige Sohle auf, auf Fliesenboden daher nicht zu empfehlen. Leider ist die Schnalle am rechten Schuh schon defekt ( gebrochen), so das die Schuhe nach einem halben Tag reif f√ºr den M√ºll sind.",Qualit√§t
449,Nicht nur zu klein obwohl schon eine Nummer gr√∂√üer bestellt sondern auch viel zu eng hier kann es sich ja wohl definitiv nicht um einen Herrenschuh handeln,Passform
450,Aber qualitativ ist es nichts wert. Der Rei√üverschluss ging nach einer Woche kaputt.,Qualit√§t
451,"Die Schuhe sind bei mir nie angekommen, Garantieantrag √ºber Amazon l√§uft. unter angegebener Rufnummer ist niemand erreichbar!",Lieferung
452,Ich habe das Produkt nicht erhalten. Obwohl es laut Amazon zugestellt wurde.,Lieferung
453,Die Einlage beginnt sich langsam bereits aufzul√∂sen und noch schlimmer ist das die Sohle au√üen bereits ein Loch hat. Daher nicht zu empfehlen.,Qualit√§t
454,Mir wurde die falsche Ware geliefert,Lieferung
455,"Sehr hohe, dr√ºckende Naht im Fersenbereich eines Schuhes",Passform
456,Bitte um R√ºckmeldung des Verk√§ufers Schuhe sind nach nicht einmal 3 Monate und selten getragen leider schon kaputt,Qualit√§t
457,"Gr√∂√üe 36 bestellt und auch bekommen, fallen aber leider viel kleiner aus. Ansonsten sah der Schuh so aus wie auf dem Bild",Passform
458,Henkel nach dem dritten Tragen/nach einigen Wochen eingerissen. Von der Marke Crocs habe ich mehr erwartet. Stiefel gehen wieder zur√ºck.,Qualit√§t
459,F√§llt viel zu klein aus ! Muss mindestens ein bis zwei Nummern gr√∂√üer bestellt werden !,Passform
460,Allerdings reisen nach einer Zeit (bei h√§ufigem Tragen) die N√§hte ein...,Qualit√§t
461,"F√§llt klein aus, eine Nummer gr√∂√üer bestellen! Ich finde den Gummi und auch den Zehensteg zu hart.`",Passform
462,Nach circa 2 Wochen ist der Schulterriemen gerissen an der Naht.,Qualit√§t
463,Die Schuhe sind leider nicht gut. Die gehen schnell kaputt und der Stoff ist leider nicht zu empfehlen.,Qualit√§t