id,review_body,topic
1,Leider nach einmal waschen ausgeblichen. Nach einem mal waschen sah es aus als w√§re es 10 Jahre alt und hatte 1000e von Waschg√§ngen hinter sich :( echt schade !,Qualit√§t
2,"zun√§chst macht der Anker Halter einen soliden Eindruck. Die Magnethalterung ist auch brauchbar. Was gar nicht geht ist die Tatsache, dass die Halterung f√ºr runde L√ºftungsd√ºsen, anders als vom Hersteller beschrieben, nicht geeignet ist! St√§ndig f√§llt das Smartphone runter. Durch das h√§ufige Wiederanbringen ist nun auch die Gummierung kaputt, was zur Folge hat, dass die L√ºftungsd√ºse sch√∂n zerkratzt wird! Also Schrott, der auch noch mein Auto besch√§digt! F√ºr mich ist das nicht brauchbar!",Qualit√§t
3,Siegel sowie Verpackung war besch√§digt und ware war gebraucht mit Verschlei√ü und Fingerabdr√ºcke. Zur√ºck geschickt und bessere qualitativere Artikel gekauft.,Lieferung
4,Habe dieses Produkt NIE erhalten und das Geld wurde nicht r√ºckerstattet!!!!!!!,Preis
5,Die Tr√§ger sind schnell abgerissen,Qualit√§t
6,Druckbild ist leider nicht akzeptabel.,Qualit√§t
7,ü§¨ü§¨ü§¨ Stoff l√∂st sich nach kurzer Zeit,Qualit√§t
8,Beim zweiten Gebrauch bereits undicht!!!,Qualit√§t
9,Die Lieferung war prompt.,Lieferung
10,"Bin √ºberhaupt nicht zufrieden. Das Handy ist mir einmal kurz, aus minimalen H√∂he ca 30cm, auf den Tisch gefallen und die Folie ist schon wieder kaputt.",Qualit√§t
11,"Leider ist hier die Lieferung komplett schief gelaufen. Die Ware kam zerbrochen bei mir an. Die R√ºcksendung ging √ºber den amazon-Locker. Der Verk√§ufer hat die Ware nie zur√ºckerhalten und ich musste trotzdem bezahlen. Sehr, sehr √§rgerlich!",Lieferung
12,"Leider waren die Socken zu klein, also habe ich sie zur√ºck gesendet. Angeblich sind sie nicht angekommen, also habe ich auch keine Gutschrift erhalten. Nur unversch√§mte und absolut kundenunfreundliche Antworten erhalten.",Lieferung
13,"Dies h√§tte die hohe preis gegen√ºber die billige Exemplare die es auch bei Amazon gibt gerechtfertigt. Leider ist die ganze Uhr aus schn√∂den Plastik. Schade und verarschung. Technik und Funktion einwandfrei, sch√∂ne Vogelstimmen aber halt billigplastik, wie alle andere auch.",Preis
14,Ich sehe mit diesem Teil immer noch gleich fett aus. F√ºr das Geld ein echter Reinfall,Preis
15,"Mir hat nicht gefallen, dass vieles schon besch√§digt war.",Qualit√§t
16,Dieser Dichtring ist v√∂llig ungeeignet f√ºr solche Artikel. Mussten Alle Artikel wieder zur√ºck schicken.,Qualit√§t
17,Das Spiel hing sich auf. F√ºr den Preis no go.,Preis
18,Im Glasgef√§√ü befanden sich schwarze Gummikr√ºmel. Das Glasrohr hat scharfe Grate an beiden Seiten. Beide Enden haben kleine Spr√ºnge. Der Gummistopfen riecht unangenehm.,Qualit√§t
19,Beim Zermahlen von zum Beispiel Himalaya Salz ist nach einiger Zeit der Benutzung ein Abrieb des schwarzen Kunststoffes aus der M√ºhle zwischen dem zermahlen Salz zu finden. Es riecht auch entsprechend nach Kunststoff Abrieb. Absolut gesundheitssch√§dlich! Absolut minderwertig!,Qualit√§t
20,"Wird auch nach 24 h nicht elastisch selbst nach 48h nicht , bleibt verformbar und rei√üt wie beim auspacken üëé",Qualit√§t
21,"Diese Schutzfolie ist leider zu klein (H√∂he passt, aber an den Seiten zu eng). Leider nur 1 Stern, da gibt es bessere Produkte.",Qualit√§t
22,taugt nicht viel. verklemmt bei Benutzung. Waschmaschine schaltet ab wegen fehlendem Wasserzulauf. Ventil h√§ngt.,Qualit√§t
23,"Leider kann ich nichts zu der Box sagen. Sie kam schon besch√§digt bei mir an, einige kleine Teile waren abgebrochen. Schicke sie nun zur√ºck, werde sie auch nicht nochmal bestellen. Schade.",Lieferung
24,"einfach nur Edelschrott. Daf√ºr ist schon ein "" Stern"" zuviel",Qualit√§t
25,Der Preis ist viel zu hoch.,Preis